section,score
consistency,0.9845288998351374
annotation_met,0.6516587643386845
annotation_rxn,0.8380171740827479
annotation_gene,0.49984984984984987
annotation_sbo,0.9046008433390509