parameter,cellobiose_chemostat,cellulose_chemostat,batch
GAM,274.3524599848441,141.77287175268313,64.6444792184998
NGAM,8.585593028519735,5.5797101449275495,1.9646602906055541
