parameter,cellobiose_chemostat,cellulose_chemostat,batch
GAM,269.753769316,137.178473699,63.2637018414
NGAM,8.58559302852,5.57971014493,1.09707756493
