parameter,cellobiose_chemostat,cellulose_chemostat,batch
GAM,267.5755257879969,135.00226343777163,58.55453625355648
NGAM,8.585593028519803,5.579710144927503,2.0484799688321935
