parameter,cellobiose_chemostat,cellulose_chemostat,batch
GAM,269.75376931583116,137.1784736993844,63.26370184144158
NGAM,8.58559302851966,5.579710144927578,1.097077564934363
