parameter,cellobiose_chemostat,cellulose_chemostat,batch
GAM,274.3524599848449,141.77287175268327,64.64447921849958
NGAM,8.58559302851976,5.579710144927654,1.964660290605579
