parameter,cellobiose_chemostat,cellulose_chemostat,batch
GAM,269.75376931583236,137.1784736993848,63.263701841441616
NGAM,8.585593028519853,5.579710144927633,1.0970775649343416
