parameter,cellobiose_chemostat,cellulose_chemostat,batch
GAM,274.35245998484584,141.77287175268617,64.64447921849973
NGAM,8.585593028519735,5.579710144927461,1.964660290605579
